Model,Accuracy,Precision_macro,Recall_macro,F1_macro
CNN,0.9508928571428571,0.9513500378436686,0.9508928571428571,0.950807053444805
